username,password
user.000000,nk8rIu7Hg5VCwrr9
user.000001,mbgL2vhpuzdLGVCd
user.000002,R0qfldnqWKb1JOnR
user.000003,9YhEvjgvswS9owT5
user.000004,aT42DKQu7LDm9sdg
user.000005,M7orMWPOCuwn3Zf3
user.000006,QZVQffOOtvzRMwt1
user.000007,lTfUfdeXiHzCO1Pd
user.000008,e0xMixwQZC52sHUO
user.000009,wuIgM5e36s32P24v
user.000010,62xZCdyRceDNpntt
user.000011,Uq5yLBih5Dtc0dD3
user.000012,Unn1Xyn3OAJcIV3b
user.000013,SgAEGUUONQBd7Wza
user.000014,9yDzo86EsjZI8fh0
user.000015,fPCBQkV3xcBEIKsf
user.000016,7LkdtbqMSwyYfXsH
user.000017,tmDhtJeyAdyhbZ65
user.000018,pJzHnVZ6Q4N3Hmts
user.000019,xcASlo4DNEy3Ibqt
user.000020,yjFGcXG4RC54nqOY
user.000021,nJxfoAazxNHXcsEg
user.000022,3y2Q1sK02Gtbgwid
user.000023,ZOTtr2dklsr1Mojs
user.000024,fSAp6f5DUV459ON5
user.000025,mBKCbatzKueNssmq
user.000026,rvViq4EkuRzCN85o
user.000027,kn3FUlG8ijqi0UJn
user.000028,WGa5s1kSz0nJgILr
user.000029,rUQMD1ynFQLttkXd
user.000030,WvPymzaj4C7fNFZL
user.000031,U0eADRvMTe3W26IS
user.000032,ZW2aNy391oqWWTEm
user.000033,XIEHpUItNoEinQwC
user.000034,QYqGzgv4JdkY27sR
user.000035,iYTgwkrgryPibtZM
user.000036,cOmzOGEJjziodKFr
user.000037,cVMoxJU2PDtPCl1g
user.000038,rZopkWxNwV3c4CuR
user.000039,yCU95zL4GsOePps7
user.000040,9Hk75OCev2BslUDN
user.000041,ZuP9A9zNTi6aZequ
user.000042,BpTFCVlbEUb9zQTc
user.000043,mjqYZ4f9eaWUal0l
user.000044,rPQiXFmWeof1WbT3
user.000045,IdORP6eFGZZo61mf
user.000046,fIFBEyV8ymF4gTQG
user.000047,KuyzkxRgEqHnjAjt
user.000048,dimCMZcImujnSoNl
user.000049,LygpaSWH0KysVKRD
user.000050,75qD0bCbjJLdSgnh
user.000051,FizFWLELAdYALElJ
user.000052,9FtIuJcOCV99IRrm
user.000053,loRvtL1yffGhFlcr
user.000054,71aESRdEU8118DtZ
user.000055,tAQwOhPu2xVq9DXm
user.000056,g0IeXzgKDvtrX4g5
user.000057,O8n3yh8NUpwFdyCM
user.000058,yBdG1sI59Il4tGLT
user.000059,3fnrULbDAh4pYOFG
user.000060,c3t2XVFeds4jU2kB
user.000061,oB4jzBvNxNAhZCrz
user.000062,TN1FsiaVc9H9hls1
user.000063,vdl0sfFGmMP2PCbu
user.000064,4887CtVjYmtJyZDT
user.000065,Kjjj8sri1XqNXm6e
user.000066,vl7ZVgVvbcenOIij
user.000067,VfRu4x8sRWWulqGG
user.000068,30DuwZZMKuCswn4S
user.000069,Ghd3fJNvw4k5bknO
user.000070,xCQKz6Vr82Bf0TJ7
user.000071,8wB4yLHndgv3X08D
user.000072,VNkZ6EGuUSahOWJi
user.000073,Q7hgreL9CVHicpDg
user.000074,vOZWxEAOW5tnCmTC
user.000075,NoU6T2Orjnm1iA4F
user.000076,vY4yCCEs6y71657A
user.000077,mx5ZxSc8PCWEGBMs
user.000078,SEKlfNAcsCAhJScj
user.000079,DFrXCQHPsUZk6wY1
user.000080,llOEUoYLeDT3JGFk
user.000081,PSUtRkskqEIUhkYd
user.000082,32z3UDJhdSmiHvSC
user.000083,NXMomPB22Pc0sFG4
user.000084,cwARVKJH2qpNnCuR
user.000085,urykwSEhhsAxSvE8
user.000086,CsfrC8CERT3rUmy5
user.000087,o5QVv9iniDSW2znn
user.000088,I3EfsHjdzc27jT7g
user.000089,rwKYcpSqSzYPjC1y
user.000090,ZnWqy9DIx3oHHK58
user.000091,SV46KG379aL5q2AE
user.000092,a4pLGuA5rJGmdbV8
user.000093,jB17lP3qdqhVF10e
user.000094,eNZplLbPPH4cHihw
user.000095,dE79d2x5trfxhjGm
user.000096,w77EdjhntItAZIdx
user.000097,t8nbwHBBtOO133TO
user.000098,EmVVUJ06WkXPuDKm
user.000099,QOTMFvJT15JA1y8e
user.000100,oDoZ4JsRIAHYiWP4
user.000101,MzbQFoKzG3GBmV58
user.000102,50m52WokeugHYi39
user.000103,9KLMJuxaEpsN7wc0
user.000104,wRqrOAZpIZdlRSqJ
user.000105,dTmKtVqOJMnCW6TF
user.000106,NYsyS6r1h5yESenf
user.000107,d39KnzmZWrE6HRmf
user.000108,03oWyKIGyeKXDiSA
user.000109,HzSQ5Z42KnlUtx4I
user.000110,vjtgNXFBadg1TtxM
user.000111,U1FgCg6E9ffVgHTH
user.000112,4BhM8FQkyMU2usou
user.000113,2RZUomNZLFGmuELe
user.000114,UkgluntR6Rvvyti0
user.000115,Q50dauxuWQaBzi2E
user.000116,wLk5KaRMUrcr8jP6
user.000117,HYatFLjP1XkIiOo7
user.000118,VYG2T5heMHGts8uN
user.000119,z1fsyb74pIdNWBvw
user.000120,HlvIasHNfK1Ib7H7
user.000121,GJ49S4jB9g8M49pj
user.000122,HzFyZUyb2bAc5MmR
user.000123,tJMLTdW6Re3dFFNy
user.000124,F1m4lqLjC3n69QL9
user.000125,2etv2HkbntSmAAc1
user.000126,umBXsAZ7JCko0Dvv
user.000127,L38js85Q0atI2YyU
user.000128,zBuqvTazU1wDuxGG
user.000129,Ruvc9DHpcBQNW1RO
user.000130,p0AW8fuuJG07YBYB
user.000131,Fp8zsKGYCGLPtxfh
user.000132,srsR8AEy78dRqBDa
user.000133,o2YuQpLSWFPpNOD0
user.000134,pJITIxo9UThIiWJo
user.000135,G9njjzCUxPZlNBHb
user.000136,ShaDOSLCHQJyhLAy
user.000137,zMZEiyBOkvaXoGyD
user.000138,1C016joh3KI2W9fR
user.000139,1Vd0Yjotlkv9zoAw
user.000140,whjS0OU2UNyRBp3Y
user.000141,wvE3xFGAmtWvEvm1
user.000142,DEuLgI6mVplZam8h
user.000143,mNBrqKkb20DGEnT3
user.000144,tk2ElT33lC046FfT
user.000145,7LxYITQu9d8451YQ
user.000146,pFDcpFLNQ8vosuhg
user.000147,Agf5KxfQyVaY4vgH
user.000148,pKxKrl4w4bkg1bJI
user.000149,d4OG15UlcbIbIlCh
user.000150,cwNuTs5SC6fplFUs
user.000151,p00S4eIsoUD4YU5V
user.000152,btxwlxz4DzYCeFzL
user.000153,RMdUNnnE4bn8tLUg
user.000154,fxMBE70fr0bElqDt
user.000155,nuJkO1APIOYMM4yo
user.000156,J14PxcyRh85vVTue
user.000157,MdzzRM1VqFKCqNNV
user.000158,OZqZAmQTtiUfAKnt
user.000159,Dmkj15oC9GiDhpM2
user.000160,hGyGcqu5b5TPObqR
user.000161,QF18xm7CtGi4XKKG
user.000162,slueYRaBmBqJDJRO
user.000163,eQBsiUkHOOUNSwfn
user.000164,7eqfTlhuJ1rknybk
user.000165,rgE5EoTNJsKMskSg
user.000166,PBVZvYHRQdNJkAU8
user.000167,eUyjl8uI87oAlPpf
user.000168,GJynkFikUKriukv1
user.000169,azsXZJYKeqRF05bL
user.000170,ScfF1HOz7JGKzQQr
user.000171,iTKZj79rzlptTKkI
user.000172,nav45l5BBhgxGjMV
user.000173,AGPOxdjvH3YzpxWy
user.000174,JkErnhSHua2hR57x
user.000175,y2R2yyioar6WonSp
user.000176,YXhPZb431opaekOi
user.000177,Dx1So0NcSyATqk8f
user.000178,nreIuuJVB2x02Bt3
user.000179,AY9uQgHtsSIoEmcg
user.000180,ryA1HTGRdBzZvZ1v
user.000181,1q9dClweYO9aMQ1r
user.000182,po5utbL7JLrZbWhL
user.000183,rvSjR6Vkf528wb6U
user.000184,VfLbf7hAkMg6wIRQ
user.000185,hdDlB1lTSxqgTfbc
user.000186,bjvZByrmEUnUlId7
user.000187,HQgc5mxWNHxHKrG8
user.000188,ffnCyl82gFEpD3mK
user.000189,uiAbbpAEE7CK5HHq
user.000190,vcuIOZBolsmVFp9z
user.000191,zHcRtFfMqvj9mokk
user.000192,JqnVuUGZ67PImeAg
user.000193,unVN7mn9WOVGfRgr
user.000194,wrYInyUzGNH9n7Af
user.000195,QaYhZRAaeEYlaGIO
user.000196,4xM198GuLriyzqcP
user.000197,zAlVTlQI9dMy123R
user.000198,bXZgQYmwoEeEkZaf
user.000199,8kXUNnXJJOueOVHz
user.000200,PbVYOtXEKobsIu7c
user.000201,D8dBrGJtC9x4Nyea
user.000202,3i0DOe8qoSba84Nz
user.000203,oUQMztFh73goxUUk
user.000204,4y5gysydNCluCnnG
user.000205,nQhzSSSo2N8nV4q4
user.000206,xL13Duxx0DWlRgDi
user.000207,4UZhF8UyFdZ592GM
user.000208,QL2CW5uAYbVwjfcx
user.000209,zAJHs7Hjss1JFGon
user.000210,8pOS3gvMv1l9EHn3
user.000211,w5IAvMeDJPl0uwV4
user.000212,J4MdW6cTHjgr2jyw
user.000213,bcSLVjcXEUHeFVde
user.000214,KZSXIu7cjKhUNozQ
user.000215,GFpvKgz4r7ueESQL
user.000216,QQDEgFBGMis3DF2E
user.000217,PnYhgjYAozulgpdD
user.000218,23yEf4Dyw6AewlBS
user.000219,GGciRtwlBhrfBVZB
user.000220,1UJsJ2zleClg6YnQ
user.000221,Z5kt3Y3LL5rxfwx4
user.000222,OQfTrUpknYYDJgdB
user.000223,nxbWJl6tvK6T1I7K
user.000224,rdQ5zhv6QwBZZhzs
user.000225,NfYqjK3fL8XMqVk0
user.000226,m69ihuoTCLs3bGyR
user.000227,9p1gJy8iQw0gYrUi
user.000228,sOKS9RJSKwhDzxLu
user.000229,1MQUsVylDUNSNdIc
user.000230,gVMVy2JIs6izOS4N
user.000231,uQ27vkTTp5CKTRCy
user.000232,KV1LR1kZFrGKtHkv
user.000233,cH4b9cAox6NPnwTZ
user.000234,CWbnZqOGtj1eGby2
user.000235,ar0vw81edMpllLfk
user.000236,5w26JOx7KMNWcfBC
user.000237,HHBnVfBjPzewGiu7
user.000238,nPmR7mtwXD27zhFe
user.000239,zL31d5FwfwnBXNnG
user.000240,xl6LnZUZudYnZQhZ
user.000241,WOHiVfdNPYCc0yTD
user.000242,DmC9RSFRlM1bvFn6
user.000243,GGXYF23Zg8W4Rr3J
user.000244,mPmwfSUv5Fc4cQPY
user.000245,NMG80SVIaGpWf3Jg
user.000246,63mzej66E9XdNbuN
user.000247,vUQUjYKbh1L30gX4
user.000248,uH2KAKgOjCGcZsJx
user.000249,ntNHfWlJV0YFj2bR
user.000250,RXYEIa8Yx89uKaO4
user.000251,pFjlzfeQIZE11QOw
user.000252,Q57CgX0gGpjOw2Sn
user.000253,qp47ThjWKhUifeZP
user.000254,0W48zrkbSvej07a2
user.000255,9uqNKIwSHcNefaFN
user.000256,TY3MFZjuqBiledRk
user.000257,jbyRkgz0nSnfaFZq
user.000258,xGoqG588g4dh8CEv
user.000259,9yNugD0ariNpwuYf
user.000260,TQfnqvNUlnjO1TeQ
user.000261,xP91KKlxWbuAaHJc
user.000262,hbrlc27dLrSdgtN1
user.000263,eebLEvExQpYdqfbz
user.000264,tSd0tOesFYMD87WN
user.000265,YlHgONpcfDesh98c
user.000266,n9JsdsZb5WetarXz
user.000267,4R5PXPs5ipANcUg4
user.000268,iM9chrovFkYX4gk3
user.000269,GTurhdzLZSzvmy5x
user.000270,LlC40VS3nIAEr2hr
user.000271,waG0Y3TgODdRB5al
user.000272,HLyKpT7fxd7QKwVE
user.000273,YqL4Bypw9YIUPXM3
user.000274,knVNv9PvxGfsrNeS
user.000275,PgKN0ntkKhgGKz3B
user.000276,nXmGfCc4sXxX6mhR
user.000277,BvZANWrOlySKUWTi
user.000278,4ZD9pJ6Ovs7F88ra
user.000279,4FoV7TQyEQCRGJlk
user.000280,HrhqIfbx7Agy15Y2
user.000281,E3fc6SQnG4tinR8n
user.000282,QL4aURwnNmfmT9Hc
user.000283,ctPIRomk8sAsa0uC
user.000284,un5UzfW3OI5Lk1ES
user.000285,OYdeU43O0Nip3aDd
user.000286,6uCabfrFL9RrAJcH
user.000287,aFjP5otRr6hbtKiY
user.000288,CGIJQBpuf8cNBYXS
user.000289,AEuHeCDRy9XtaB1w
user.000290,dz3bXv06j4Ze2m4z
user.000291,rvu9igPaHnudLCzn
user.000292,kX4OLnWmWdDqUUNr
user.000293,TlkNvqM2Ig6Wpkvv
user.000294,p4NEWn450wiyHIqo
user.000295,FNKQqk0F8UYoS2nH
user.000296,OMlvINWU6IA8yO5I
user.000297,IpjyfH5eX5j9PACU
user.000298,nxhehDQbkhzf2WSP
user.000299,UX7MrdCAu8pmiUpw
user.000300,HQrbcWfX6Y6akzLF
user.000301,e91EkyxIBfecgAPk
user.000302,GDGrNMbZMm8dNi2M
user.000303,kFcONoz84hViwVkI
user.000304,eOCe60qvZAuE4S5d
user.000305,3VdOilAHU0h9u1uo
user.000306,QwVGRF4gCBNUTNSV
user.000307,XVPl4UOnBhMnn1Rc
user.000308,sJgCglSFch8du3QX
user.000309,3BGPD348jnflfpUS
user.000310,VYfERAsR06bvF4Ec
user.000311,J8GN3wCLZaUztcnR
user.000312,v4yYWVF6TMLNw9FK
user.000313,eWwSMi6K6Fkskdzi
user.000314,SpOOgKh76blXzhYL
user.000315,HQ9BZCa2fjFPePye
user.000316,dXTR9KE8GyPgiHTs
user.000317,WgBT7YjSXxLQVoPV
user.000318,QyzCNx3RnNnOZva8
user.000319,lIfUUcamcJlbZukv
user.000320,Pz5POR0GGF6ksErr
user.000321,JLwlix8c2ORRj5aI
user.000322,2UuVd4HScO17HfZG
user.000323,owVHZQ9pP1MahNhc
user.000324,pYVLS71ySmOTjjSL
user.000325,wFr21Ee34ZLygKsb
user.000326,dKRbrwPBEykrWCX0
user.000327,PZLYDJWterPw6xha
user.000328,Kta29UZGLNBDjGda
user.000329,S60zGz0hrgApcnQE
user.000330,jnNkg9D91sIjVqQi
user.000331,a53bddkPUdLU8el2
user.000332,65mMXxez5EcyReGm
user.000333,UhQY5fFayxYRBHIq
user.000334,9jbC6HSSDwOyjjrm
user.000335,KmFY27OJspVCzb29
user.000336,5kUfZuVVuO3CwVXI
user.000337,IBoAnNd2MthE6VSR
user.000338,tHNTrH140jg8Ol1F
user.000339,lo79nr6q8vTP40GV
user.000340,AziA8bfBrBvgUIMn
user.000341,ih5tPINKsfMWXUX0
user.000342,IA1znWolI27S4v0m
user.000343,TO0z3LLLp3ExuPBf
user.000344,9gGr4e1nXLlCUab6
user.000345,dZ549KlsDBy3KGge
user.000346,tCpwvKxYWvuJZq5N
user.000347,7mJWwHgDiFo31oeH
user.000348,PCpo1fY2fqUacb6L
user.000349,n20nwGMfGizmZssC
user.000350,xSEpXGYvLM0ysEo0
user.000351,4raVBCMlT4X9cEm2
user.000352,bSSNUUahPtTFLngh
user.000353,3fyBaN4QPdflNaYb
user.000354,sCIT3CFK3fmzvWVQ
user.000355,KH87SNI2dichzdlL
user.000356,Wccgrp16hGLHjMN2
user.000357,79lGNq3dRPwFAE5z
user.000358,EQgTcPykMSyIYD6D
user.000359,l5SzXKxoPgKXwAXE
user.000360,W2f2q7to5NDFffi5
user.000361,9UNDP23uzcNsdHK1
user.000362,ijrsDrXv5mPFISUe
user.000363,xRWc1brsVRw2liFE
user.000364,r5tXvUpREgHSPwfw
user.000365,uSMEOwVWH0bP3wEM
user.000366,nq2CKUOWU45SwCBM
user.000367,VsG1iLNfNtsDpYJw
user.000368,Zb5BZRNGmET1le8U
user.000369,85Deoz2EkhqOUK86
user.000370,oo8oKcYbv6nvDgZx
user.000371,keVRmrKBc2AldmJO
user.000372,Ep672MLsgXtXFh7d
user.000373,115VfaainkAPfuh1
user.000374,T4Lvt7ebk1eB19xH
user.000375,RSwDWAsyVQTZTVhn
user.000376,vgeD4rYy2T4e0Yev
user.000377,fTW7JfPOVVdcxHxj
user.000378,J9ffVcbKwU1G9RAd
user.000379,TE9404H6zRr5bB0M
user.000380,whNsQYVuHpIhhs3m
user.000381,u4Vmmjmuoeg99972
user.000382,M5E7zqP1SiCHczkt
user.000383,uy7x55anDKHO2uWU
user.000384,fmDzIlp1q7wGGKaT
user.000385,aGikxmBXsBoVZlUZ
user.000386,P3new1V8HtsKtiK2
user.000387,DqF6OsPKZf7HorAO
user.000388,yVvimKXK2v2FXI1A
user.000389,MOAMrGqYyBUFKhSb
user.000390,dphbCSIVYdkrpFTL
user.000391,SGGv3Pl3Uhe1XLlz
user.000392,LYGi7KwJQVLuVpQh
user.000393,4EbFqLAFv148xHQZ
user.000394,Y7YUlr3pKx3P5Qm6
user.000395,7Sw9tznQzBVxmDhz
user.000396,4DiEqfAxxA4gg77j
user.000397,72Yp2ccNYmV6tEPK
user.000398,v9r67CQ3NsH8Y2Hs
user.000399,PGNuLbYcEWM9E6qZ
user.000400,u3LMvWsnHLy1EDnd
user.000401,eREoBZyoWWo1WUSO
user.000402,cQIBuX4EMETk8nTu
user.000403,wVCGpnvwwDtKkhZo
user.000404,F3iRb0NQkQUMf4pr
user.000405,5VPQKAObGggaxQxd
user.000406,3R3wdVpDggbqoppX
user.000407,9qYAu6MdKxcPWw94
user.000408,xyOqByjKZjiNwwPa
user.000409,NvoSeBxINrlIK6BQ
user.000410,E5IgJ1uZjBTcYUY1
user.000411,pXFd633MaIr1iEbX
user.000412,InkMGFOfM9mg5oKl
user.000413,4W8pYMR3lgUGWt03
user.000414,30B3fTLCuyBr7taw
user.000415,IcuvYAwysAB0yFSv
user.000416,nPns7lSybE7LZBDk
user.000417,w7u1YEUhmJnUhsLh
user.000418,4m0fOOVK0W8FxKqg
user.000419,jMjfRujrVPv9UY6x
user.000420,vEAiAKgD214wnkxP
user.000421,YDLY6KTHhtPnILHk
user.000422,ZEfbc5g1lMkzyqwI
user.000423,7hr83QowpFEkDTGQ
user.000424,6ByEKdmVR9FXhHnl
user.000425,9Z60njJi8sYUFIwE
user.000426,b1XS8Afko0n7RPxM
user.000427,SE65O8iIunyNYuIn
user.000428,w1ZLjVrXyti4Xfze
user.000429,SborKaXZPYPTw0CM
user.000430,GmKu5jreFfMnp6JA
user.000431,hWJLizdVBD7HFm5P
user.000432,MBqN0maUKY6F4Tuw
user.000433,OnpiotGx9KRbiKQC
user.000434,anyGdeZHFiLWRPni
user.000435,MTlU2mCEoiVhQ98A
user.000436,y8DHMIGayECH4mbk
user.000437,vp8yS4O99bv8bHpY
user.000438,H3bpLXnj0zZkyKtO
user.000439,3u2lxFncdSU1ANFf
user.000440,QtwJXjeEUylyjKP5
user.000441,ZfcbuZZXN2QbUtv2
user.000442,INFTITv91aap81s6
user.000443,jyfpaMOhHpnqeyz6
user.000444,1weX0I0sN3b4gHpN
user.000445,pnEukBw5xwfGVKd1
user.000446,0xAYDDk6gE86XyTl
user.000447,BQ14F57RUhJRsyoR
user.000448,JPyzeqeidEZE5Nqx
user.000449,VCDXkjqnvB5yqmTC
user.000450,J7sH63TCnL8lGKkh
user.000451,j5dydpJfMK3IYpg5
user.000452,j1Eck9W1FxH3g5VV
user.000453,EiRbIbEpo15EMk1r
user.000454,nKxZLiDoLKThi893
user.000455,XhxnWdroB1sFaYHX
user.000456,D2M757Ya0NmyHvM8
user.000457,nUrwjPW09ls22WbT
user.000458,PrAWivqOZMdimlrZ
user.000459,N6NUaSaqF4tzveUH
user.000460,9LOZwlYEWcoAGiSr
user.000461,kx9kqv4Eh00weaQP
user.000462,2UUWUdstQB6ulP3Q
user.000463,1z3HZiFDbxdmgH7w
user.000464,PSOdtMzX3xuAchwf
user.000465,Jbjs2Kadle12eV36
user.000466,W9fr2h3szinoyrmd
user.000467,dENww0PKIxVhDj8G
user.000468,wHJ5Nl9zN6G3ItQ4
user.000469,T2S3FeGJYznKbfRZ
user.000470,ppWIKN6DEbTrq1cD
user.000471,EzjkUp7DkjOKMP1k
user.000472,f2jFdiSC9AF0cUZE
user.000473,zBfp3pCG8cKdUh9k
user.000474,LskSSLXsWxfx6bpO
user.000475,3KR5l12xLtCipPcj
user.000476,WWNXbiCTLoJoMczY
user.000477,nyUNZ4iSw6voquJV
user.000478,BFyccb2gQP19FJMO
user.000479,X99WEoXwhltB67BB
user.000480,0uHN9fIWg2UV4hHS
user.000481,eNKa0V9GxzbC4hEy
user.000482,eKxatj0zQnH9okTA
user.000483,zby3kR5vjcXAsgjG
user.000484,BuN7NHfk7lqZ5Q3m
user.000485,qBsOjUI9Q3n9F5YH
user.000486,KJYzhVcg42i7uvHp
user.000487,kIswTBV1j2mGRlqu
user.000488,ygIEgWtwMlVkGuRg
user.000489,fnvwCJEq9GefiwY7
user.000490,2fVcEAO4cxvsLqi7
user.000491,L9DS2DbStZFHXGzt
user.000492,vQtOIB06kOHowrCs
user.000493,E8Zs18xMJRAbKPxh
user.000494,87bKZGXIrcSMQqbA
user.000495,4vjsr90exhd91ML6
user.000496,ZO1hTjMMOxJNpP3Y
user.000497,ZP2ie6xk3xeKdsNn
user.000498,dy1LOW6b5byAtkTq
user.000499,8pX6JN1F0zGPs1YU
user.000500,xJIWa7hj5M2N7qUv
user.000501,zaxADWLqfhnpWdme
user.000502,iYdeWZonjqdRsWnj
user.000503,qTCrn1RtFTQ8KOeg
user.000504,9ABSC9mHbHn52WOu
user.000505,1Na1IVApaPsBWlO2
user.000506,fJIA56j020x3Aumf
user.000507,9vhVdQ5ObreMO2yM
user.000508,N1emhFSfkAT4mOAW
user.000509,ML9ICsGUuqrSUtW2
user.000510,KoipgcCcZ4gk66Ki
user.000511,oX3cQ4RyhwSMOS94
user.000512,FtcQCtZ6MQVnL2i1
user.000513,FfJANP0BuIaXDrkE
user.000514,i2G7zgdTA0u6P5fj
user.000515,FDeCkYKCaEjNGjgT
user.000516,RWweOmqOdFnTbDtQ
user.000517,l1VrAHJYwcCuUsLU
user.000518,WehNyCtVFMp1Qgf7
user.000519,Uvr3IFtxSpMkhzdZ
user.000520,PG5c9E1TSYFeSr2d
user.000521,2aNfhL6rr2Xmmmbm
user.000522,nhXQMD8t0C7b4BAX
user.000523,K6XlqgejHBJaNyhy
user.000524,d4yAD5JcBKz8C9qz
user.000525,QN9aqskNCx8hAfmV
user.000526,6ySDoInE1k4DRgKs
user.000527,DmHYM4aj0PVh0Dec
user.000528,ph8o3q9lFygE4Eni
user.000529,A4hvWCPKIOeiVADj
user.000530,9U0ChDjDJ2lpcI3X
user.000531,P3y4gM0cRw92xoLw
user.000532,q6TtIMjwzEieor5c
user.000533,wZKN5rMN5g8Zbbbw
user.000534,4r0qWzaTRbZP91n4
user.000535,RBoYTxg8KeZ4RWYB
user.000536,QcKhR2Cg1oMUFPWc
user.000537,Aibo6sKz4q6X94Nu
user.000538,usVkdAtm0Iz7IFIy
user.000539,YrJFaKysGOkCNDu2
user.000540,8o2aJqXWuSdjOrgP
user.000541,khDBq6pKS1iQb2zp
user.000542,MBvGtdbKHctUDi4S
user.000543,v1OY4nmL3vOVKUra
user.000544,dCEUcQPfCpwXdmTd
user.000545,LUNVAH8p58A50bwU
user.000546,4SMqHe8AaKKazraE
user.000547,Bq2ARMUXk5l1rjjo
user.000548,opHufnGtqh76nsrh
user.000549,vubuYB1lS1WxEpYv
user.000550,JGWHjBRMRY6XTUFA
user.000551,qBWHQx7apDBaKVpC
user.000552,KbaNCvL0cuZkXmkG
user.000553,I5uwwQSlx91vsYZc
user.000554,o2ad5BcQGSHnLVm5
user.000555,hsbLeRf6aKKX5wH3
user.000556,Nb4Oo1y2eo39K6v6
user.000557,KW4xO8WdtlaO2LhA
user.000558,CRkJHCh2FZuXLAAz
user.000559,ND6EEch4B6mcrJsc
user.000560,4PRqfUKxI8XQxPOU
user.000561,iHcQe7chK7LN0uLL
user.000562,12Z5fLSPXUu9rpP7
user.000563,E1RiXd7RT2FcQtmT
user.000564,G2HHS6Emz2nz14H4
user.000565,DwSZJsA5g5pfNqNi
user.000566,PZZaraGtXZZIt17g
user.000567,vEiWrHssUdFjJB8Z
user.000568,0tFvWnhSzaOlV47t
user.000569,CjGLK7J7r4XqgaOT
user.000570,OJ1iOmnlinRJjAx4
user.000571,A0mONbd9IVwLQ9bO
user.000572,qCVKtLSujPU00Tyn
user.000573,2j96FWXBY0RjvWb4
user.000574,1sAxMS2yUZ4eBpZL
user.000575,Cb33xzKF325YQUoS
user.000576,ynlB0wrUwxDY412s
user.000577,bvE94otIr4yCg0df
user.000578,1YDEQf6m7MsEiIha
user.000579,d7OyNkoESCHvazBI
user.000580,vSlpqIBDQ7DFzIgC
user.000581,09Ge4IYhZtaWITxG
user.000582,uhDd3UOTaDnzvPgc
user.000583,mSwbm88DwcS4Xnph
user.000584,PPEWcPFIJt43dBsv
user.000585,PU446Hwh1Pu70QMz
user.000586,idBsJuHHiQ7bBxB9
user.000587,zOXFVTgtELL5s2sH
user.000588,nltPx0VJeWJvRzQw
user.000589,zApjiHAPeXu7xUNL
user.000590,OpXstbM7efH9uUL2
user.000591,46KvIAd15EFo9Dqd
user.000592,bsSJ2hlPDR7jzQpL
user.000593,RHiTnAEiZAqZwQmm
user.000594,VyfC0tdD8nOCdTCu
user.000595,Fb7vJU1jc2r1p9jR
user.000596,9kAgjLMrx0H2ZooV
user.000597,ZdpITZunxFDz95mN
user.000598,4HXzOj3g8sCC5yhM
user.000599,MGHXWzFQ3jWq4nQt
user.000600,Mmwx6Kdyg0BBBGVT
user.000601,F26PwMh7jIx7y2Br
user.000602,2pcyVek3rBDE7c8A
user.000603,UK1uRpilTepaFtgO
user.000604,afYyqaW75693JwcV
user.000605,qT3BjUivbJLJEeeJ
user.000606,Q5POK52wsZobvmkC
user.000607,U6JKA8lTpSqpXsdy
user.000608,uEqM31kEedaK3zey
user.000609,DCjqOveb9R3foAzq
user.000610,WNCKvKS7o1gHgwC3
user.000611,R4aZkjwNuF2dTJHf
user.000612,tbV5oUuyfuRaRFeN
user.000613,ymNUB1MvfiAqePmI
user.000614,yyYJZ1uBlvpqXjPV
user.000615,6l8gyL5Jnb3Ox2Gl
user.000616,IqDzE8EgnEpr0g09
user.000617,3iYSgeVs79Et24sG
user.000618,6yd0w5xfQgZDnwkk
user.000619,4FhqjHuBPTwoXSJo
user.000620,iS2X4r9qyByrnFXV
user.000621,Mt6zG0BWTcTpyG5f
user.000622,KJxxi2YTba91XwV0
user.000623,tArPWx2JvTuoAXjO
user.000624,4teDD4TRl4JXbVhX
user.000625,oUSUW5jdPLuCB56q
user.000626,CBI0zMc5WgSrbZnj
user.000627,8y6eihWP6MjJnJtX
user.000628,L5ktBpghSU7l0ztN
user.000629,rJ3Ng07mvSoPwMCM
user.000630,ngeJEYLUqIvINVKZ
user.000631,PJ2UE4HivJLS04Ql
user.000632,B8qZJZ3lntmyslzb
user.000633,wCq2ZwenlTtG3d2C
user.000634,KyERd4MGDYA4yf0U
user.000635,MuDmpflCbxkMjhHz
user.000636,guNRnhtzwpWM8wCk
user.000637,w5UxLy9s6uGSf198
user.000638,yzq29D3xXHXNrYiX
user.000639,Q9PTCpEajn4CyZWv
user.000640,AU9XoBrNCgDyTRw5
user.000641,MlDniNHi7iXPhDyY
user.000642,yADBhKvCJ3DvcB2L
user.000643,Q7mZP0lQgZlQOjjM
user.000644,oVTSSyEq3WpuJjEc
user.000645,mRzccNtVlHawuJES
user.000646,X0wLEyy4wJ7whfab
user.000647,HbKDQRAxHjPkbcxy
user.000648,r2h9l6F6SrMSMr7n
user.000649,Aa2zJtPcc5j4JMlO
user.000650,HGWbLVvP5H4lmWIs
user.000651,WkzFaX49paRawl4S
user.000652,P1Cs6kO6hOOYs99W
user.000653,LvahixqhW6B8m0yn
user.000654,Z6Q0xhK3JpC475J6
user.000655,l5P0ZJnCgTL5C3j0
user.000656,m1l6seq8M3X9E8iq
user.000657,MV89unYGQmruMnZ0
user.000658,qJOpsIcl424YbEtH
user.000659,Dm2sVPepNJaGbBE2
user.000660,7kIFrQP0Lkm7oZnp
user.000661,QW1aenfHhCQC86vT
user.000662,UW5tYreXlLv6IkX1
user.000663,ijs4o7cAcMmWbHuO
user.000664,v4ZdTsEv5U1K3vs0
user.000665,KOI84P4dqW5Uh4Zq
user.000666,1j5dIUpG5G4J1ozI
user.000667,yMarBVSxmbvGiAR0
user.000668,VX2fLWJkkIUuFIlG
user.000669,LAKXrmcZSBb4cTVP
user.000670,MTDT9GvVoCH7g5Pd
user.000671,vWhzPlmeAUE8t9tJ
user.000672,69Av5j935TfY87B8
user.000673,kWuV1PJoijrIvbYf
user.000674,ujcB8LZeKqOiKSUh
user.000675,PNRjKtPrWqNaPx6y
user.000676,lDONu38hqBnQbBUu
user.000677,J8oo3CgH1sUYmILl
user.000678,AQ5R4McvqAmw3RmV
user.000679,CTvIdENy3HfqFkXv
user.000680,pHjGNnzBxYqsSPyA
user.000681,eYwQiBtsAQ3BhCxU
user.000682,wJVTE4tnDJZaeRHe
user.000683,VkzTjxXOn8cgN9Jg
user.000684,YmXNcvLk7ArfW9dr
user.000685,Cfg5qePSRvi0fQDv
user.000686,x1s1FiM8qVzGznAv
user.000687,X8OyZnLSX028QITb
user.000688,yqLbQstm6i7q1qKW
user.000689,Xc36MF5w9KAlurey
user.000690,QMuiwsYHTCu74Tth
user.000691,AUd260MvxzqmEamw
user.000692,16nxOf4qFLTEe4Kf
user.000693,DlQCHyiQlsJlYR4Y
user.000694,jPv9GDZdgESxuigr
user.000695,Ec22AkXtpkHgOlft
user.000696,rgnJcSt3m85cdaaY
user.000697,Qi1kYecTAYp3cUkN
user.000698,R1ZrDBnMHhrQW8lj
user.000699,MAPve6OQDEmKGHpY
user.000700,RkRaTTYun2C3Dkg9
user.000701,0itxYbYo0neSLriH
user.000702,6b1DnAdfNVyPloQM
user.000703,MF6uhxkItFOvMEep
user.000704,wrgPVZIPNC6rCyLR
user.000705,4gTFtzXdS3xbcdGi
user.000706,UgsLIrRvchR72swD
user.000707,Joum33ED3fX4ADMu
user.000708,di88wF91p5ZxPFWx
user.000709,NgXWsLKGQa8LMElV
user.000710,21rNR3Ti7lIPeA4S
user.000711,Vp1AAMcH94EEWmMI
user.000712,Y6wjGgpjk7fMVHIg
user.000713,bw4fl01N0bbRmz2G
user.000714,5GiiQTPXM1HvsjUL
user.000715,VHHsSuNwYyIHZtmP
user.000716,758Vmdj8w4IrrXM1
user.000717,0rAuUoD8IPsyUbMq
user.000718,lmwSiep6svIo3suo
user.000719,2IsFH6yvpH39Mo7g
user.000720,CSTYfSaA6XlzylOU
user.000721,dGhP81i0VMNVfUoM
user.000722,u57pDe8bkBNCCm4A
user.000723,naZQePJmEq751XDs
user.000724,tOGo6GwXsj4pLBEd
user.000725,EpP3MdZ4a6Vnv9Jp
user.000726,a6jpTgqNZXuizt5r
user.000727,fCsqTTpGyvuH2Q9d
user.000728,Xd8JMNNqFAC2nW7J
user.000729,A5JBnfAsP2wFBcu4
user.000730,UMO9tNvemsFHuagR
user.000731,xsoUsXbkTyAhfgeV
user.000732,KbybT4bS0eYMmpXK
user.000733,bX6DsdXZMQWUqYXJ
user.000734,xpMAJLwViZdCX0EE
user.000735,36WByj3JqubLe3xs
user.000736,gnrhuOTO4Xt6TCRN
user.000737,lLDvjrGt9J7T7noY
user.000738,FMppxXHJ0Axb9Sxm
user.000739,8NWCL8nbD7p7zBwv
user.000740,GysEpVajLKDo7B8y
user.000741,aMGjrzAYXY6Y6xt3
user.000742,1ezZIPIBvrzplmu5
user.000743,RBO45wBzFCv4Hbz3
user.000744,W1NOTL7xGivtw8mO
user.000745,fPTghiYHKHEbZpAC
user.000746,mCDdAQunI5Hh1fA6
user.000747,ZoxhUmqCqAE9qqkp
user.000748,XpTOAAOlN6eTjxeP
user.000749,N78cWuwrnK0tGfs6
user.000750,rtyK7KSKQnxqGYJy
user.000751,kn1ti2iF4dvVcKbU
user.000752,qWIWKRNXwud3xIbS
user.000753,GNVM5sqzXujVYJgJ
user.000754,Ph6jO9tQWZebBFGk
user.000755,kZiu5tYTL0S9yGtd
user.000756,Fwz2sQCDeJCF9tjc
user.000757,bvo2FontLEN8z4Zq
user.000758,iJX4tcmIf6SqBg2I
user.000759,7PVU4089hW0JTeak
user.000760,UKvGdI44wclDSMDK
user.000761,vVawKdYohZlZqjCh
user.000762,43qOFpPBuVgQwl7J
user.000763,gqkYkii4r7BpDHo2
user.000764,jmtXt0IvDi2O9tFQ
user.000765,PYq628i9nBE1wLV7
user.000766,J8qbWcvT9UdSJ7V8
user.000767,LxiA68y9aKa9NvTN
user.000768,CgfPXzs52Wpw5U2q
user.000769,GAwLiCeQihUvWT4r
user.000770,46g8xmllrcLmWJ72
user.000771,apRekE4wTUArEO82
user.000772,rkwbbAyeDQi7NBeK
user.000773,tz8Tg69Y2HEKGMV2
user.000774,W3EoNtn3OOCF6jrs
user.000775,BdoeAiLKpPfJTe1W
user.000776,taplgIQ6eBPQOB8M
user.000777,PUMJOX1ejA3Slnic
user.000778,nE0X0H62xKpZmGQj
user.000779,2d6UBPRHtj11aElh
user.000780,pIYXbpbsGLphOJDu
user.000781,9AnNjuZSglKZvdbj
user.000782,kN9ej5OAVjulb8ZI
user.000783,5J2nHDjOVsIyUPfM
user.000784,2FAFcxEZduGsVM7V
user.000785,RZipD3DU3EDgmVKf
user.000786,D9Jyac8iQQeeBQAF
user.000787,p1cIRRIAMc1sIWRt
user.000788,5rak4qZLBf3zxvLq
user.000789,GsO91UFHNNj2lrVA
user.000790,hTfp0zDhuWtiT0jY
user.000791,CUYvnemjwZFoxZ34
user.000792,LYvBvPr0rcfcqBC3
user.000793,mnLnKwlNG0IH9YII
user.000794,9FdgTQmQXQAZbpIz
user.000795,uobDuK4xixqdYGbB
user.000796,AT4a4VleFHekgYre
user.000797,Z9YvcmbDNBfi4EXM
user.000798,6ZDsyu7l11Olgc0X
user.000799,eHlR77tk1yLZM13I
user.000800,wpFkekxFiAaghZYc
user.000801,naMRPIc6AxeIuVZN
user.000802,NQhkVwTCI0XKfzAa
user.000803,wxAXJSRZjAKUNBvg
user.000804,DDAbzPVnaX9wIFVR
user.000805,W0Oh9FoQxqKHwzVq
user.000806,4TjV31QUUmJuvFiT
user.000807,6Oh6ExXjTjGpoa2M
user.000808,P4MxcgdUAYyoUEIC
user.000809,42m8cgInBt1eIgb0
user.000810,ukadqQBjvBxNty6j
user.000811,sx1AGQQZmPNhSIst
user.000812,wRvVVmWZsV9qQahr
user.000813,xLRKSgGvqrg6hRh5
user.000814,ljj30n4dxs51RH2W
user.000815,QoZwSYVekwaTV4I0
user.000816,7WGjdolPKWMxbcwT
user.000817,jmUdrVnsDNDLr48k
user.000818,xN61lHO1UBC3OSV8
user.000819,X35eN3AwR8KRtWlc
user.000820,bvzyk2X1OIpxPBcs
user.000821,Pj41Y9495etfK10v
user.000822,HLQwBNG0ygjacUK1
user.000823,d4yxBsVBqGmgd8CL
user.000824,0gFArKdDMng5nRdZ
user.000825,pM7Yba6lF93w0ry5
user.000826,ONbxnkrqcb9h0ltT
user.000827,Kvchr95Z3eBFCeOs
user.000828,Dp7HDc98p997E8xt
user.000829,i038FpQna3sKuiAh
user.000830,Qkkh4wrlklq052OK
user.000831,CWTTtksrYObCtdtd
user.000832,np3h4xZcPLtNVDrI
user.000833,xJ5hq0lfm5ON74Qp
user.000834,adaUxzIhMFFiYSr9
user.000835,f9zHnhpK2ippneSA
user.000836,lxWtfJPe3AXa5hBD
user.000837,2HRWw1YTznZkCDVG
user.000838,ypfo4WQa2mQxlu27
user.000839,oziXfbbiQEq1p2PV
user.000840,QDbqcmvlOFPDPMez
user.000841,yX1YncAdhEfxsVky
user.000842,EdFrcKPH7XabLWwK
user.000843,CCuRvuEyLfMpu1EG
user.000844,OcmTPOq2Oz9FopfB
user.000845,nNqfXoUKbWALSt3J
user.000846,3EkSQbMaAhilMSgg
user.000847,yGQoNBywh7qflFoT
user.000848,fgzPiVZTtoKmTzJW
user.000849,ogwPSS24UKqVnsE3
user.000850,yV6mE4YAfHbi2em1
user.000851,1q01d5fy91MTnIxs
user.000852,BQKEWEGSTHS0TbMc
user.000853,bK8cndJWbaurvonl
user.000854,hZrrUDMUl4i20HYB
user.000855,OoaGLmggwFmUpWdm
user.000856,4pSvABjVLvz31wvb
user.000857,ywrCm2USxtiKiYCu
user.000858,pa9sd2eO0Qj71NrG
user.000859,ocTWzLRaQXT2VXMz
user.000860,iKCpl22zzzopQXvt
user.000861,wgJW39KFtWJF1NFw
user.000862,SxSNcEdLD93olez3
user.000863,zBghg7kZa90j0q85
user.000864,OJOVomyejSUAU5ER
user.000865,FSkclAk8ATFsbIm4
user.000866,f8lNTbrQVAnWkKWn
user.000867,v0GFzDugk9Q2AZHP
user.000868,flMnWzqaQ2cRyRIX
user.000869,ajP2GmwTmH1AL0p5
user.000870,9edc4LDkbhOm0jLd
user.000871,4FvxS270sFHxZDCa
user.000872,HmPo7PYCBTcWWUL9
user.000873,C3K5AMn1svYcfIuk
user.000874,p3a7t3B6Tw7UQO0J
user.000875,EVrj3KadVWBZoVO4
user.000876,CIL2DjivG7cKG0Ia
user.000877,VKom4DuIqMN1oNF8
user.000878,9xW8L5eJPS9fT0Ks
user.000879,DtqxkLvtgMOkB6uH
user.000880,en8ntntd5rqgmgYn
user.000881,uy8R8lrxIbkYozEo
user.000882,3stADwa5GtFDR8Uh
user.000883,C5M6hA4U7lzYFbu8
user.000884,MSnwIXscNiav3ByI
user.000885,iTGD190aGqg5P8Tn
user.000886,UsWZljGwtOi2DQQg
user.000887,d3rk7jeoxmcsKKtn
user.000888,iFmVWYFCPLq7an85
user.000889,Me47Wb5zKR76lN69
user.000890,LdmR7gHMgEf1Xy5l
user.000891,gVbvQsZxdh2YQnka
user.000892,dpGRRyEzEjFcnNK7
user.000893,zVimyh7KtrwDmVoo
user.000894,EO3JAb4E81UyjoCp
user.000895,MeO5e6ecDv7eF3af
user.000896,6B7Rygglgo5mmuNg
user.000897,8XUSgBd0IAZIRLgI
user.000898,wFOIlDqeT7VmIOjx
user.000899,61uzcFlv2VmRiImL
user.000900,h7FHvXbgBlgqmGmI
user.000901,MxS9z3hVDYpmcaoR
user.000902,W02V7TEzfsz62IGw
user.000903,6oEQImF2FPyGxQLj
user.000904,CXKolu7j198M5y64
user.000905,CsfDZs6KNATW0e9N
user.000906,SLucGI0NRuCKF3FY
user.000907,4Th1IoR6eGyG7LTy
user.000908,uZ8GQ5e8DxpVPr4N
user.000909,X3NivPVyfhmwFbFM
user.000910,V4KMZ4RyDCxuna3z
user.000911,FWXkMY9fadMDZeYV
user.000912,2LjyP8RlkrZkExrp
user.000913,UgiYgJHJInF4FNer
user.000914,7Ra35wEg5v4p5E1s
user.000915,68ilG0s6Whx6TA9E
user.000916,dcaR9qK28sRluq2H
user.000917,joBZfMH57bMVVdnx
user.000918,d3i1TteljRMHJzga
user.000919,JMQlF1kgpVsIW3gU
user.000920,CI4YtPMUo9YbuZj8
user.000921,r663QoJVbSY95idc
user.000922,vEsBfGsV8SrbjZ1g
user.000923,r1WN36OngLVp6xtR
user.000924,k6nGH3bS3Pkfq5w6
user.000925,PM5YRuBWaqhHV35v
user.000926,fq5KnoiMlMP9o3pb
user.000927,XZd1W9kNpILKV50e
user.000928,kNERC8zC3JIQk2fZ
user.000929,sR6ImT2Cbe1bSNLP
user.000930,8KojivHkDMHMfA58
user.000931,ufmdt6hM7TRRSPvV
user.000932,2zEzI1a8klmdp60s
user.000933,tl9s9nHtvFJTYTrn
user.000934,DOeGSHnqi48fKXMW
user.000935,ZD1l3gFQmpyT8jyb
user.000936,Zg6pdYv4FpE4fL6q
user.000937,N85H1hFZIRjonDua
user.000938,rlXnAiyb7MOYjNi2
user.000939,ACCBHsn8VkRacuIT
user.000940,0CVrIT49V7p32LAm
user.000941,HR6Bczh9avZYf7TD
user.000942,Pt31XzJCzgYO9OrL
user.000943,r1WPmiLDkWH3wfG1
user.000944,fQL4RSib50d8UM56
user.000945,JOKNbH285UbbGGIo
user.000946,sbQn6jVr77jiN12Q
user.000947,uTrZpC7bwX4HbI2m
user.000948,Dzmn5QKRP34a4TZR
user.000949,2iP4KbZ8XDSjqWxi
user.000950,17GpLMLO5XNJ6qU2
user.000951,lq0bVE0QvETeaZFc
user.000952,Tzx7zEUKcly4FAFO
user.000953,Favb7U4PfDIirRET
user.000954,f1zKHu1qA3H9Qgb0
user.000955,pzI5MkceKob5CAlu
user.000956,aa8KHDzCshOXC6E5
user.000957,WRilVXvh8EFHInlX
user.000958,OX6wybYJpSdsZdPz
user.000959,JPgIRZd9m3c3OhQo
user.000960,YlgiLxISprRSZ3yw
user.000961,cNkxTw7uKfYqUPgp
user.000962,GnNzq8KhY64M5ZWx
user.000963,g4qn0RrpWbW6iL8u
user.000964,mExgka0MCbc874g8
user.000965,tuKqenNLSplETxpO
user.000966,X7gsSqTwRFaqBN0O
user.000967,pXlPnXNfpFX1bE7j
user.000968,tzS1qt7mrdtSyMMK
user.000969,QltXEe4jxMWgcZe3
user.000970,ruXCze5mQcrALJaJ
user.000971,SKEnCtGwdNUqBoW7
user.000972,CchGvs0hHmHCt3dR
user.000973,9sZ2bJfF9PkQHNI9
user.000974,8902K2jG8SY2ccM3
user.000975,9lUe1V7xUeARN4AC
user.000976,oEgfnTko59KX52po
user.000977,1AugXYGzDWyRX0Dh
user.000978,XMLxgunNEZPKaxkN
user.000979,cUmHnbRIEMHFhYrX
user.000980,xsNtIiikS7Xd1HlH
user.000981,ceYLJnh8ReP23NXt
user.000982,84DEedPetyLgYkdn
user.000983,34655MvTMOF6DWlZ
user.000984,irWzn9kGfmVd3tOX
user.000985,TZn1kIjohac8NRp3
user.000986,aGFEiCmLkpHOGFLO
user.000987,pOFtrxfnHw6zXQI2
user.000988,YwoRpZncWqy3VxFP
user.000989,rnxlZv2SYsxmXPkv
user.000990,DkPL9k9wL8E8QfbV
user.000991,moCTn5602S9eoGJn
user.000992,XWKG46QACwVlG9HS
user.000993,0HUKnUSwoeC3iQ2G
user.000994,Ueki7Dipjtx8iaiF
user.000995,dTy2IxZom4GUklja
user.000996,ak96XpF1IDWldxXo
user.000997,vsbu1PcR5qdhsLIa
user.000998,UbAwwpktoHU6uT6p
user.000999,MnvmGSiLcJ21YUVb
